data.HRSA.gov – HPSA Find,data.HRSA.gov – HPSA Find,data.HRSA.gov – HPSA Find,data.HRSA.gov – HPSA Find,data.HRSA.gov – HPSA Find,data.HRSA.gov – HPSA Find,data.HRSA.gov – HPSA Find,data.HRSA.gov – HPSA Find,data.HRSA.gov – HPSA Find,data.HRSA.gov – HPSA Find,data.HRSA.gov – HPSA Find,data.HRSA.gov – HPSA Find
,,,,,,,,,,,
Discipline,HPSA ID,HPSA Name,Designation Type,Primary State Name,County Name,HPSA FTE Short,HPSA Score,Status,Rural Status,Designation Date,Update Date
Primary Care,1069258904,MSSA 93.3/Potter Valley,Geographic HPSA,California,"Mendocino County, CA",0.53,11,Designated,Rural,12/24/2009,08/18/2021
,Component State Name,Component County Name,Component Name,Component Type,Component GEOID,Component Rural Status,,,,,
,California,Mendocino,"Census Tract 108.02, Mendocino County, California",Census Tract,06045010802,Rural,,,,,
Primary Care,1068995668,MSSA 234.1 &amp; 235/Chinese Camp/Big Oak Flat,Geographic HPSA,California,"Tuolumne County, CA",0.58,13,Designated,Rural,05/01/1979,08/18/2021
,Component State Name,Component County Name,Component Name,Component Type,Component GEOID,Component Rural Status,,,,,
,California,Tuolumne,"Census Tract 42, Tuolumne County, California",Census Tract,06109004200,Rural,,,,,
,California,Tuolumne,"Census Tract 52.01, Tuolumne County, California",Census Tract,06109005201,Rural,,,,,
,California,Tuolumne,"Census Tract 9852.02, Tuolumne County, California",Census Tract,06109985202,Rural,,,,,
Primary Care,1061164785,"MSSA 222/Corning, Los Molinos, Tehama County",High Needs Geographic HPSA,California,"Tehama County, CA",2.73,15,Designated,Rural,04/02/1993,08/27/2021
,Component State Name,Component County Name,Component Name,Component Type,Component GEOID,Component Rural Status,,,,,
,California,Tehama,"Census Tract 10, Tehama County, California",Census Tract,06103001000,Rural,,,,,
,California,Tehama,"Census Tract 11, Tehama County, California",Census Tract,06103001100,Rural,,,,,
,California,Tehama,"Census Tract 9, Tehama County, California",Census Tract,06103000900,Rural,,,,,
Primary Care,1066477035,MSSA 149/Barstow,High Needs Geographic HPSA,California,"San Bernardino County, CA",8.01,16,Designated,Partially Rural,10/11/2017,08/27/2021
,Component State Name,Component County Name,Component Name,Component Type,Component GEOID,Component Rural Status,,,,,
,California,San Bernardino,"Census Tract 116, San Bernardino County, California",Census Tract,06071011600,Rural,,,,,
,California,San Bernardino,"Census Tract 117, San Bernardino County, California",Census Tract,06071011700,Non-Rural,,,,,
,California,San Bernardino,"Census Tract 118, San Bernardino County, California",Census Tract,06071011800,Rural,,,,,
,California,San Bernardino,"Census Tract 119, San Bernardino County, California",Census Tract,06071011900,Rural,,,,,
,California,San Bernardino,"Census Tract 120.01, San Bernardino County, California",Census Tract,06071012001,Rural,,,,,
,California,San Bernardino,"Census Tract 120.02, San Bernardino County, California",Census Tract,06071012002,Rural,,,,,
,California,San Bernardino,"Census Tract 121.03, San Bernardino County, California",Census Tract,06071012103,Rural,,,,,
,California,San Bernardino,"Census Tract 121.04, San Bernardino County, California",Census Tract,06071012104,Rural,,,,,
,California,San Bernardino,"Census Tract 93, San Bernardino County, California",Census Tract,06071009300,Rural,,,,,
,California,San Bernardino,"Census Tract 94, San Bernardino County, California",Census Tract,06071009400,Rural,,,,,
,California,San Bernardino,"Census Tract 95, San Bernardino County, California",Census Tract,06071009500,Rural,,,,,
Primary Care,1061473644,MSSA 122/125 - Greenville/Chester,Geographic HPSA,California,"Plumas County, CA",0.04,12,Designated,Rural,03/14/2022,03/14/2022
,Component State Name,Component County Name,Component Name,Component Type,Component GEOID,Component Rural Status,,,,,
,California,Plumas,"Census Tract 4, Plumas County, California",Census Tract,06063000400,Rural,,,,,
,California,Plumas,"Census Tract 5.01, Plumas County, California",Census Tract,06063000501,Rural,,,,,
,California,Plumas,"Census Tract 5.02, Plumas County, California",Census Tract,06063000502,Rural,,,,,
Primary Care,1062752511,MSSA 11 - Berry Creek,Geographic HPSA,California,"Butte County, CA",1.33,16,Designated,Rural,12/17/2021,12/17/2021
,Component State Name,Component County Name,Component Name,Component Type,Component GEOID,Component Rural Status,,,,,
,California,Butte,"Census Tract 24, Butte County, California",Census Tract,06007002400,Rural,,,,,
Primary Care,1066378173,MSSA 57.1/Fort Tejon,Geographic HPSA,California,"Kern County, CA",2.19,17,Designated,Partially Rural,03/05/1978,09/10/2021
,Component State Name,Component County Name,Component Name,Component Type,Component GEOID,Component Rural Status,,,,,
,California,Kern,"Census Tract 33.05, Kern County, California",Census Tract,06029003305,Non-Rural,,,,,
,California,Kern,"Census Tract 33.06, Kern County, California",Census Tract,06029003306,Rural,,,,,
Primary Care,1069379423,MSSA 19/Del Norte County,High Needs Geographic HPSA,California,"Del Norte County, CA",0.65,8,Designated,Rural,06/15/1990,09/10/2021
,Component State Name,Component County Name,Component Name,Component Type,Component GEOID,Component Rural Status,,,,,
,California,Del Norte,Del Norte,Single County,06015,Rural,,,,,
Primary Care,1066475602,MSSA 146/Big Bear Lake,Geographic HPSA,California,"San Bernardino County, CA",3.50,13,Designated,Partially Rural,12/18/2009,09/10/2021
,Component State Name,Component County Name,Component Name,Component Type,Component GEOID,Component Rural Status,,,,,
,California,San Bernardino,"Census Tract 111.01, San Bernardino County, California",Census Tract,06071011101,Non-Rural,,,,,
,California,San Bernardino,"Census Tract 111.02, San Bernardino County, California",Census Tract,06071011102,Non-Rural,,,,,
,California,San Bernardino,"Census Tract 112.03, San Bernardino County, California",Census Tract,06071011203,Rural,,,,,
,California,San Bernardino,"Census Tract 112.04, San Bernardino County, California",Census Tract,06071011204,Rural,,,,,
,California,San Bernardino,"Census Tract 112.05, San Bernardino County, California",Census Tract,06071011205,Rural,,,,,
,California,San Bernardino,"Census Tract 112.06, San Bernardino County, California",Census Tract,06071011206,Rural,,,,,
,California,San Bernardino,"Census Tract 113, San Bernardino County, California",Census Tract,06071011300,Rural,,,,,
,California,San Bernardino,"Census Tract 114.01, San Bernardino County, California",Census Tract,06071011401,Rural,,,,,
,California,San Bernardino,"Census Tract 114.03, San Bernardino County, California",Census Tract,06071011403,Rural,,,,,
,California,San Bernardino,"Census Tract 114.04, San Bernardino County, California",Census Tract,06071011404,Rural,,,,,
,California,San Bernardino,"Census Tract 115, San Bernardino County, California",Census Tract,06071011500,Non-Rural,,,,,
Primary Care,1068956327,MSSA 36.2/Hamilton City,High Needs Geographic HPSA,California,"Glenn County, CA",1.17,13,Designated,Rural,09/17/2009,09/10/2021
,Component State Name,Component County Name,Component Name,Component Type,Component GEOID,Component Rural Status,,,,,
,California,Glenn,"Census Tract 105.01, Glenn County, California",Census Tract,06021010501,Rural,,,,,
Primary Care,1067508982,MSSAs 54 & 55 Big Pine/Lone Pine,Geographic HPSA,California,"Inyo County, CA",0.49,14,Designated,Rural,03/24/2010,09/10/2021
,Component State Name,Component County Name,Component Name,Component Type,Component GEOID,Component Rural Status,,,,,
,California,Inyo,"Census Tract 5, Inyo County, California",Census Tract,06027000500,Rural,,,,,
,California,Inyo,"Census Tract 8, Inyo County, California",Census Tract,06027000800,Rural,,,,,
Primary Care,1067180642,MSSA 143/Big River,High Needs Geographic HPSA,California,"San Bernardino County, CA",2.21,17,Designated,Rural,10/08/2010,09/10/2021
,Component State Name,Component County Name,Component Name,Component Type,Component GEOID,Component Rural Status,,,,,
,California,San Bernardino,"Census Tract 107, San Bernardino County, California",Census Tract,06071010700,Rural,,,,,
,California,San Bernardino,"Census Tract 251, San Bernardino County, California",Census Tract,06071025100,Rural,,,,,
,California,San Bernardino,"Census Tract 9401, San Bernardino County, California",Census Tract,06071940100,Rural,,,,,
Primary Care,1064596185,MSSA 187/Castella/Lakehead/O,High Needs Geographic HPSA,California,"Shasta County, CA",0.54,13,Designated,Rural,04/13/2017,09/10/2021
,Component State Name,Component County Name,Component Name,Component Type,Component GEOID,Component Rural Status,,,,,
,California,Shasta,"Census Tract 125, Shasta County, California",Census Tract,06089012500,Rural,,,,,
Primary Care,1065856521,MSSA 194/Etna,Geographic HPSA,California,"Siskiyou County, CA",1.05,17,Designated,Rural,10/02/1978,09/10/2021
,Component State Name,Component County Name,Component Name,Component Type,Component GEOID,Component Rural Status,,,,,
,California,Siskiyou,"Census Tract 6, Siskiyou County, California",Census Tract,06093000600,Rural,,,,,
,California,Siskiyou,"Census Tract 8, Siskiyou County, California",Census Tract,06093000800,Rural,,,,,
Primary Care,1066321356,MSSA 48 El Centro,High Needs Geographic HPSA,California,"Imperial County, CA",5.67,11,Designated,Non-Rural,07/27/2017,09/10/2021
,Component State Name,Component County Name,Component Name,Component Type,Component GEOID,Component Rural Status,,,,,
,California,Imperial,"Census Tract 108, Imperial County, California",Census Tract,06025010800,Non-Rural,,,,,
,California,Imperial,"Census Tract 109, Imperial County, California",Census Tract,06025010900,Non-Rural,,,,,
,California,Imperial,"Census Tract 110, Imperial County, California",Census Tract,06025011000,Non-Rural,,,,,
,California,Imperial,"Census Tract 111, Imperial County, California",Census Tract,06025011100,Non-Rural,,,,,
,California,Imperial,"Census Tract 112.01, Imperial County, California",Census Tract,06025011201,Non-Rural,,,,,
,California,Imperial,"Census Tract 112.02, Imperial County, California",Census Tract,06025011202,Non-Rural,,,,,
,California,Imperial,"Census Tract 113, Imperial County, California",Census Tract,06025011300,Non-Rural,,,,,
,California,Imperial,"Census Tract 114, Imperial County, California",Census Tract,06025011400,Non-Rural,,,,,
,California,Imperial,"Census Tract 115, Imperial County, California",Census Tract,06025011500,Non-Rural,,,,,
,California,Imperial,"Census Tract 116, Imperial County, California",Census Tract,06025011600,Non-Rural,,,,,
,California,Imperial,"Census Tract 117, Imperial County, California",Census Tract,06025011700,Non-Rural,,,,,
,California,Imperial,"Census Tract 118.01, Imperial County, California",Census Tract,06025011801,Non-Rural,,,,,
,California,Imperial,"Census Tract 118.02, Imperial County, California",Census Tract,06025011802,Non-Rural,,,,,
,California,Imperial,"Census Tract 118.03, Imperial County, California",Census Tract,06025011803,Non-Rural,,,,,
Primary Care,1067340878,MSSA 104-Big Sur,High Needs Geographic HPSA,California,"Monterey County, CA",0.35,14,Designated,Rural,07/28/2017,09/10/2021
,Component State Name,Component County Name,Component Name,Component Type,Component GEOID,Component Rural Status,,,,,
,California,Monterey,"Census Tract 115.02, Monterey County, California",Census Tract,06053011502,Rural,,,,,
Primary Care,1066120275,MSSA 232/Springville,Geographic HPSA,California,"Tulare County, CA",0.48,16,Designated,Rural,11/16/1979,09/10/2021
,Component State Name,Component County Name,Component Name,Component Type,Component GEOID,Component Rural Status,,,,,
,California,Tulare,"Census Tract 27, Tulare County, California",Census Tract,06107002700,Rural,,,,,
Primary Care,1064838012,Modoc County,High Needs Geographic HPSA,California,"Modoc County, CA",1.795,15,Designated,Rural,09/15/2017,09/10/2021
,Component State Name,Component County Name,Component Name,Component Type,Component GEOID,Component Rural Status,,,,,
,California,Modoc,Modoc,Single County,06049,Rural,,,,,
Primary Care,1067195870,MSSA 49/Calexico,Geographic HPSA,California,"Imperial County, CA",2.26,13,Designated,Partially Rural,03/06/2007,09/10/2021
,Component State Name,Component County Name,Component Name,Component Type,Component GEOID,Component Rural Status,,,,,
,California,Imperial,"Census Tract 119, Imperial County, California",Census Tract,06025011900,Non-Rural,,,,,
,California,Imperial,"Census Tract 120.01, Imperial County, California",Census Tract,06025012001,Non-Rural,,,,,
,California,Imperial,"Census Tract 120.02, Imperial County, California",Census Tract,06025012002,Non-Rural,,,,,
,California,Imperial,"Census Tract 121, Imperial County, California",Census Tract,06025012100,Non-Rural,,,,,
,California,Imperial,"Census Tract 122, Imperial County, California",Census Tract,06025012200,Non-Rural,,,,,
,California,Imperial,"Census Tract 123.01, Imperial County, California",Census Tract,06025012301,Rural,,,,,
Primary Care,1064812935,MSSA 3/Markleeville,Geographic HPSA,California,"Alpine County, CA",0.30,9,Designated,Rural,05/20/2008,09/10/2021
,Component State Name,Component County Name,Component Name,Component Type,Component GEOID,Component Rural Status,,,,,
,California,Alpine,"Census Tract 100, Alpine County, California",Census Tract,06003010000,Rural,,,,,
Primary Care,1067315777,MSSA 78.1/Avalon,Geographic HPSA,California,"Los Angeles County, CA",1.12,17,Designated,Partially Rural,12/19/1984,09/10/2021
,Component State Name,Component County Name,Component Name,Component Type,Component GEOID,Component Rural Status,,,,,
,California,Los Angeles,"Census Tract 5990, Los Angeles County, California",Census Tract,06037599000,Rural,,,,,
,California,Los Angeles,"Census Tract 5991, Los Angeles County, California",Census Tract,06037599100,Non-Rural,,,,,
Primary Care,1065659120,MSSA 120/Foresthill,Geographic HPSA,California,"Placer County, CA",0.97,13,Designated,Rural,06/05/1980,09/10/2021
,Component State Name,Component County Name,Component Name,Component Type,Component GEOID,Component Rural Status,,,,,
,California,Placer,"Census Tract 202, Placer County, California",Census Tract,06061020200,Rural,,,,,
Primary Care,1065307746,MSSA 220/Dairyville/Paynes Creek,High Needs Geographic HPSA,California,"Tehama County, CA",1.61,15,Designated,Rural,08/20/2009,09/10/2021
,Component State Name,Component County Name,Component Name,Component Type,Component GEOID,Component Rural Status,,,,,
,California,Tehama,"Census Tract 1, Tehama County, California",Census Tract,06103000100,Rural,,,,,
Primary Care,1063340266,MSSA 226/Kettenpom,High Needs Geographic HPSA,California,"Trinity County, CA",0.17,16,Designated,Rural,04/02/1993,09/10/2021
,Component State Name,Component County Name,Component Name,Component Type,Component GEOID,Component Rural Status,,,,,
,California,Trinity,"Census Tract 4, Trinity County, California",Census Tract,06105000400,Rural,,,,,
Primary Care,1068478818,"MSSA 225/Hayfork, Forest Glen, Peanut",Geographic HPSA,California,"Trinity County, CA",0.66,15,Designated,Rural,08/18/2006,09/10/2021
,Component State Name,Component County Name,Component Name,Component Type,Component GEOID,Component Rural Status,,,,,
,California,Trinity,"Census Tract 3, Trinity County, California",Census Tract,06105000300,Rural,,,,,
Primary Care,1062916949,MSSA 63/Lake Isabella,High Needs Geographic HPSA,California,"Kern County, CA",2.72,17,Designated,Rural,08/30/2011,09/10/2021
,Component State Name,Component County Name,Component Name,Component Type,Component GEOID,Component Rural Status,,,,,
,California,Kern,"Census Tract 52.01, Kern County, California",Census Tract,06029005201,Rural,,,,,
,California,Kern,"Census Tract 52.03, Kern County, California",Census Tract,06029005203,Rural,,,,,
,California,Kern,"Census Tract 52.04, Kern County, California",Census Tract,06029005204,Rural,,,,,
Primary Care,1065594606,MSSA 22/Georgetown N El Dorado,Geographic HPSA,California,"El Dorado County, CA",3.26,14,Designated,Partially Rural,05/30/1979,09/10/2021
,Component State Name,Component County Name,Component Name,Component Type,Component GEOID,Component Rural Status,,,,,
,California,El Dorado,"Census Tract 306.02, El Dorado County, California",Census Tract,06017030602,Non-Rural,,,,,
,California,El Dorado,"Census Tract 306.03, El Dorado County, California",Census Tract,06017030603,Rural,,,,,
Primary Care,1064734033,MSSA 62/Tehachapi,High Needs Geographic HPSA,California,"Kern County, CA",5.465,11,Designated,Partially Rural,12/15/2011,09/10/2021
,Component State Name,Component County Name,Component Name,Component Type,Component GEOID,Component Rural Status,,,,,
,California,Kern,"Census Tract 60.02, Kern County, California",Census Tract,06029006002,Non-Rural,,,,,
,California,Kern,"Census Tract 60.03, Kern County, California",Census Tract,06029006003,Rural,,,,,
,California,Kern,"Census Tract 60.04, Kern County, California",Census Tract,06029006004,Rural,,,,,
,California,Kern,"Census Tract 60.06, Kern County, California",Census Tract,06029006006,Rural,,,,,
,California,Kern,"Census Tract 60.07, Kern County, California",Census Tract,06029006007,Rural,,,,,
,California,Kern,"Census Tract 60.08, Kern County, California",Census Tract,06029006008,Rural,,,,,
,California,Kern,"Census Tract 61, Kern County, California",Census Tract,06029006100,Rural,,,,,
Primary Care,1068286734,MSSA 94/Los Banos,Geographic HPSA,California,"Merced County, CA",1.37,7,Designated,Rural,09/20/2018,09/10/2021
,Component State Name,Component County Name,Component Name,Component Type,Component GEOID,Component Rural Status,,,,,
,California,Merced,"Census Tract 20, Merced County, California",Census Tract,06047002000,Rural,,,,,
,California,Merced,"Census Tract 21, Merced County, California",Census Tract,06047002100,Rural,,,,,
,California,Merced,"Census Tract 22.01, Merced County, California",Census Tract,06047002201,Rural,,,,,
,California,Merced,"Census Tract 22.02, Merced County, California",Census Tract,06047002202,Rural,,,,,
,California,Merced,"Census Tract 23.01, Merced County, California",Census Tract,06047002301,Rural,,,,,
,California,Merced,"Census Tract 23.02, Merced County, California",Census Tract,06047002302,Rural,,,,,
,California,Merced,"Census Tract 24.01, Merced County, California",Census Tract,06047002401,Rural,,,,,
,California,Merced,"Census Tract 24.02, Merced County, California",Census Tract,06047002402,Rural,,,,,
Primary Care,1065081974,MSSA 231/Porterville/Alpaugh,High Needs Geographic HPSA,California,"Tulare County, CA",9.83,11,Designated,Partially Rural,09/30/1992,09/10/2021
,Component State Name,Component County Name,Component Name,Component Type,Component GEOID,Component Rural Status,,,,,
,California,Tulare,"Census Tract 34, Tulare County, California",Census Tract,06107003400,Non-Rural,,,,,
,California,Tulare,"Census Tract 35.01, Tulare County, California",Census Tract,06107003501,Non-Rural,,,,,
,California,Tulare,"Census Tract 35.02, Tulare County, California",Census Tract,06107003502,Non-Rural,,,,,
,California,Tulare,"Census Tract 36.01, Tulare County, California",Census Tract,06107003601,Non-Rural,,,,,
,California,Tulare,"Census Tract 36.02, Tulare County, California",Census Tract,06107003602,Non-Rural,,,,,
,California,Tulare,"Census Tract 37, Tulare County, California",Census Tract,06107003700,Non-Rural,,,,,
,California,Tulare,"Census Tract 38.01, Tulare County, California",Census Tract,06107003801,Non-Rural,,,,,
,California,Tulare,"Census Tract 38.02, Tulare County, California",Census Tract,06107003802,Non-Rural,,,,,
,California,Tulare,"Census Tract 39.01, Tulare County, California",Census Tract,06107003901,Non-Rural,,,,,
,California,Tulare,"Census Tract 39.02, Tulare County, California",Census Tract,06107003902,Non-Rural,,,,,
,California,Tulare,"Census Tract 40, Tulare County, California",Census Tract,06107004000,Non-Rural,,,,,
,California,Tulare,"Census Tract 41.01, Tulare County, California",Census Tract,06107004101,Non-Rural,,,,,
,California,Tulare,"Census Tract 41.02, Tulare County, California",Census Tract,06107004102,Non-Rural,,,,,
,California,Tulare,"Census Tract 42, Tulare County, California",Census Tract,06107004200,Rural,,,,,
,California,Tulare,"Census Tract 43, Tulare County, California",Census Tract,06107004300,Non-Rural,,,,,
,California,Tulare,"Census Tract 44, Tulare County, California",Census Tract,06107004400,Rural,,,,,
,California,Tulare,"Census Tract 45, Tulare County, California",Census Tract,06107004500,Rural,,,,,
Primary Care,1065776270,MSSA 79.2/Chowchilla,High Needs Geographic HPSA,California,"Madera County, CA",1.045,10,Designated,Rural,12/17/2021,12/17/2021
,Component State Name,Component County Name,Component Name,Component Type,Component GEOID,Component Rural Status,,,,,
,California,Madera,"Census Tract 2.01, Madera County, California",Census Tract,06039000201,Rural,,,,,
,California,Madera,"Census Tract 2.02, Madera County, California",Census Tract,06039000202,Rural,,,,,
,California,Madera,"Census Tract 3, Madera County, California",Census Tract,06039000300,Rural,,,,,
Primary Care,1065493371,MSSA 126 &amp; 127/Blythe/Chiriaco Summit,High Needs Geographic HPSA,California,"Riverside County, CA",0.81,11,Designated,Rural,03/03/2022,03/03/2022
,Component State Name,Component County Name,Component Name,Component Type,Component GEOID,Component Rural Status,,,,,
,California,Riverside,"Census Tract 459, Riverside County, California",Census Tract,06065045900,Rural,,,,,
,California,Riverside,"Census Tract 461.01, Riverside County, California",Census Tract,06065046101,Rural,,,,,
,California,Riverside,"Census Tract 461.02, Riverside County, California",Census Tract,06065046102,Rural,,,,,
,California,Riverside,"Census Tract 461.03, Riverside County, California",Census Tract,06065046103,Rural,,,,,
,California,Riverside,"Census Tract 462, Riverside County, California",Census Tract,06065046200,Rural,,,,,
,California,Riverside,"Census Tract 469, Riverside County, California",Census Tract,06065046900,Rural,,,,,
,California,Riverside,"Census Tract 470, Riverside County, California",Census Tract,06065047000,Rural,,,,,
,California,Riverside,"Census Tract 9401, Riverside County, California",Census Tract,06065940100,Rural,,,,,
,California,Riverside,"Census Tract 9810, Riverside County, California",Census Tract,06065981000,Rural,,,,,
Primary Care,1062429945,MSSA 200/Dorris,High Needs Geographic HPSA,California,"Siskiyou County, CA",0.57,14,Designated,Rural,03/03/2022,03/03/2022
,Component State Name,Component County Name,Component Name,Component Type,Component GEOID,Component Rural Status,,,,,
,California,Siskiyou,"Census Tract 2, Siskiyou County, California",Census Tract,06093000200,Rural,,,,,
Primary Care,1065484301,MSSA 144.2 &amp; 144.3/Joshua Tree/Cadiz,High Needs Geographic HPSA,California,"San Bernardino County, CA",1.53,9,Designated,Partially Rural,03/03/2022,03/03/2022
,Component State Name,Component County Name,Component Name,Component Type,Component GEOID,Component Rural Status,,,,,
,California,San Bernardino,"Census Tract 104.09, San Bernardino County, California",Census Tract,06071010409,Rural,,,,,
,California,San Bernardino,"Census Tract 104.10, San Bernardino County, California",Census Tract,06071010410,Rural,,,,,
,California,San Bernardino,"Census Tract 104.11, San Bernardino County, California",Census Tract,06071010411,Rural,,,,,
,California,San Bernardino,"Census Tract 104.12, San Bernardino County, California",Census Tract,06071010412,Rural,,,,,
,California,San Bernardino,"Census Tract 104.13, San Bernardino County, California",Census Tract,06071010413,Rural,,,,,
,California,San Bernardino,"Census Tract 104.15, San Bernardino County, California",Census Tract,06071010415,Rural,,,,,
,California,San Bernardino,"Census Tract 104.16, San Bernardino County, California",Census Tract,06071010416,Rural,,,,,
,California,San Bernardino,"Census Tract 104.17, San Bernardino County, California",Census Tract,06071010417,Non-Rural,,,,,
,California,San Bernardino,"Census Tract 104.19, San Bernardino County, California",Census Tract,06071010419,Rural,,,,,
,California,San Bernardino,"Census Tract 104.20, San Bernardino County, California",Census Tract,06071010420,Rural,,,,,
,California,San Bernardino,"Census Tract 104.21, San Bernardino County, California",Census Tract,06071010421,Rural,,,,,
,California,San Bernardino,"Census Tract 104.22, San Bernardino County, California",Census Tract,06071010422,Rural,,,,,
,California,San Bernardino,"Census Tract 104.23, San Bernardino County, California",Census Tract,06071010423,Rural,,,,,
,California,San Bernardino,"Census Tract 104.24, San Bernardino County, California",Census Tract,06071010424,Rural,,,,,
Primary Care,1062676407,MSSA 228.1/Woodlake/Ivanhoe,High Needs Geographic HPSA,California,"Tulare County, CA",3.43,16,Designated,Non-Rural,03/03/2022,03/03/2022
,Component State Name,Component County Name,Component Name,Component Type,Component GEOID,Component Rural Status,,,,,
,California,Tulare,"Census Tract 7.01, Tulare County, California",Census Tract,06107000701,Non-Rural,,,,,
,California,Tulare,"Census Tract 7.02, Tulare County, California",Census Tract,06107000702,Non-Rural,,,,,
,California,Tulare,"Census Tract 8, Tulare County, California",Census Tract,06107000800,Non-Rural,,,,,
Primary Care,1065591045,MSSA 9-Biggs/East Biggs/Gridley,Geographic HPSA,California,"Butte County, CA",4.74,15,Designated,Rural,01/14/2022,01/14/2022
,Component State Name,Component County Name,Component Name,Component Type,Component GEOID,Component Rural Status,,,,,
,California,Butte,"Census Tract 34, Butte County, California",Census Tract,06007003400,Rural,,,,,
,California,Butte,"Census Tract 35.01, Butte County, California",Census Tract,06007003501,Rural,,,,,
,California,Butte,"Census Tract 35.02, Butte County, California",Census Tract,06007003502,Rural,,,,,
,California,Butte,"Census Tract 36, Butte County, California",Census Tract,06007003600,Rural,,,,,
Primary Care,1068364034,Colusa County,Geographic HPSA,California,"Colusa County, CA",1.62,9,Designated,Rural,03/03/2022,03/03/2022
,Component State Name,Component County Name,Component Name,Component Type,Component GEOID,Component Rural Status,,,,,
,California,Colusa,Colusa,Single County,06011,Rural,,,,,
Primary Care,1064361419,MSSA 79.1-Oakhurst- Yosemite Lakes,Geographic HPSA,California,"Madera County, CA",3.38,12,Designated,Partially Rural,03/07/2022,03/07/2022
,Component State Name,Component County Name,Component Name,Component Type,Component GEOID,Component Rural Status,,,,,
,California,Madera,"Census Tract 1.02, Madera County, California",Census Tract,06039000102,Rural,,,,,
,California,Madera,"Census Tract 1.03, Madera County, California",Census Tract,06039000103,Rural,,,,,
,California,Madera,"Census Tract 1.04, Madera County, California",Census Tract,06039000104,Rural,,,,,
,California,Madera,"Census Tract 1.06, Madera County, California",Census Tract,06039000106,Non-Rural,,,,,
,California,Madera,"Census Tract 1.08, Madera County, California",Census Tract,06039000108,Rural,,,,,
,California,Madera,"Census Tract 1.09, Madera County, California",Census Tract,06039000109,Rural,,,,,
Primary Care,1069511428,MSSA 44 - Garberville/Redway,Geographic HPSA,California,"Humboldt County, CA",0.25,12,Designated,Rural,03/07/2022,03/07/2022
,Component State Name,Component County Name,Component Name,Component Type,Component GEOID,Component Rural Status,,,,,
,California,Humboldt,"Census Tract 115, Humboldt County, California",Census Tract,06023011500,Rural,,,,,
,California,Humboldt,"Census Tract 116, Humboldt County, California",Census Tract,06023011600,Rural,,,,,
Primary Care,1065906694,MSSA 38 Hoopa-Willow Creek,High Needs Geographic HPSA,California,"Humboldt County, CA",1.81,14,Designated,Rural,03/07/2022,03/07/2022
,Component State Name,Component County Name,Component Name,Component Type,Component GEOID,Component Rural Status,,,,,
,California,Humboldt,"Census Tract 101.02, Humboldt County, California",Census Tract,06023010102,Rural,,,,,
,California,Humboldt,"Census Tract 9400, Humboldt County, California",Census Tract,06023940000,Rural,,,,,
Primary Care,1062328888,MSSA 39 &amp; 40 - Arcata/Eureka,High Needs Geographic HPSA,California,"Humboldt County, CA",3.80,9,Designated,Rural,01/31/2022,01/31/2022
,Component State Name,Component County Name,Component Name,Component Type,Component GEOID,Component Rural Status,,,,,
,California,Humboldt,"Census Tract 1, Humboldt County, California",Census Tract,06023000100,Rural,,,,,
,California,Humboldt,"Census Tract 10, Humboldt County, California",Census Tract,06023001000,Rural,,,,,
,California,Humboldt,"Census Tract 102, Humboldt County, California",Census Tract,06023010200,Rural,,,,,
,California,Humboldt,"Census Tract 103, Humboldt County, California",Census Tract,06023010300,Rural,,,,,
,California,Humboldt,"Census Tract 104, Humboldt County, California",Census Tract,06023010400,Rural,,,,,
,California,Humboldt,"Census Tract 105.01, Humboldt County, California",Census Tract,06023010501,Rural,,,,,
,California,Humboldt,"Census Tract 105.02, Humboldt County, California",Census Tract,06023010502,Rural,,,,,
,California,Humboldt,"Census Tract 106, Humboldt County, California",Census Tract,06023010600,Rural,,,,,
,California,Humboldt,"Census Tract 107, Humboldt County, California",Census Tract,06023010700,Rural,,,,,
,California,Humboldt,"Census Tract 11.01, Humboldt County, California",Census Tract,06023001101,Rural,,,,,
,California,Humboldt,"Census Tract 12, Humboldt County, California",Census Tract,06023001200,Rural,,,,,
,California,Humboldt,"Census Tract 13, Humboldt County, California",Census Tract,06023001300,Rural,,,,,
,California,Humboldt,"Census Tract 2, Humboldt County, California",Census Tract,06023000200,Rural,,,,,
,California,Humboldt,"Census Tract 3, Humboldt County, California",Census Tract,06023000300,Rural,,,,,
,California,Humboldt,"Census Tract 4, Humboldt County, California",Census Tract,06023000400,Rural,,,,,
,California,Humboldt,"Census Tract 5, Humboldt County, California",Census Tract,06023000500,Rural,,,,,
,California,Humboldt,"Census Tract 6, Humboldt County, California",Census Tract,06023000600,Rural,,,,,
,California,Humboldt,"Census Tract 7, Humboldt County, California",Census Tract,06023000700,Rural,,,,,
,California,Humboldt,"Census Tract 8, Humboldt County, California",Census Tract,06023000800,Rural,,,,,
,California,Humboldt,"Census Tract 9, Humboldt County, California",Census Tract,06023000900,Rural,,,,,
Primary Care,1063974127,MSSA 10/Oroville,High Needs Geographic HPSA,California,"Butte County, CA",6.70,15,Designated,Rural,03/14/2022,03/14/2022
,Component State Name,Component County Name,Component Name,Component Type,Component GEOID,Component Rural Status,,,,,
,California,Butte,"Census Tract 25, Butte County, California",Census Tract,06007002500,Rural,,,,,
,California,Butte,"Census Tract 26.01, Butte County, California",Census Tract,06007002601,Rural,,,,,
,California,Butte,"Census Tract 26.02, Butte County, California",Census Tract,06007002602,Rural,,,,,
,California,Butte,"Census Tract 27, Butte County, California",Census Tract,06007002700,Rural,,,,,
,California,Butte,"Census Tract 28, Butte County, California",Census Tract,06007002800,Rural,,,,,
,California,Butte,"Census Tract 29, Butte County, California",Census Tract,06007002900,Rural,,,,,
,California,Butte,"Census Tract 30.01, Butte County, California",Census Tract,06007003001,Rural,,,,,
,California,Butte,"Census Tract 30.02, Butte County, California",Census Tract,06007003002,Rural,,,,,
,California,Butte,"Census Tract 31, Butte County, California",Census Tract,06007003100,Rural,,,,,
,California,Butte,"Census Tract 32, Butte County, California",Census Tract,06007003200,Rural,,,,,
,California,Butte,"Census Tract 33, Butte County, California",Census Tract,06007003300,Rural,,,,,
,California,Butte,"Census Tract 37, Butte County, California",Census Tract,06007003700,Rural,,,,,
Primary Care,1062720461,MSSA 114 &amp; 117/Truckee/Dollar Point,Geographic HPSA,California,"Nevada County, CA | Placer County, CA",0.105,6,Designated,Rural,03/14/2022,03/14/2022
,Component State Name,Component County Name,Component Name,Component Type,Component GEOID,Component Rural Status,,,,,
,California,Nevada,"Census Tract 12.03, Nevada County, California",Census Tract,06057001203,Rural,,,,,
,California,Nevada,"Census Tract 12.04, Nevada County, California",Census Tract,06057001204,Rural,,,,,
,California,Nevada,"Census Tract 12.05, Nevada County, California",Census Tract,06057001205,Rural,,,,,
,California,Nevada,"Census Tract 12.06, Nevada County, California",Census Tract,06057001206,Rural,,,,,
,California,Placer,"Census Tract 201.04, Placer County, California",Census Tract,06061020104,Rural,,,,,
,California,Placer,"Census Tract 201.05, Placer County, California",Census Tract,06061020105,Rural,,,,,
,California,Placer,"Census Tract 201.06, Placer County, California",Census Tract,06061020106,Rural,,,,,
,California,Placer,"Census Tract 201.07, Placer County, California",Census Tract,06061020107,Rural,,,,,
,California,Placer,"Census Tract 220.11, Placer County, California",Census Tract,06061022011,Rural,,,,,
,California,Placer,"Census Tract 220.14, Placer County, California",Census Tract,06061022014,Rural,,,,,
,California,Placer,"Census Tract 221, Placer County, California",Census Tract,06061022100,Rural,,,,,
,California,Placer,"Census Tract 222, Placer County, California",Census Tract,06061022200,Rural,,,,,
,California,Placer,"Census Tract 223, Placer County, California",Census Tract,06061022300,Rural,,,,,
,California,Nevada,"Census Tract 9, Nevada County, California",Census Tract,06057000900,Rural,,,,,
Primary Care,1062210541,MSSA 8-Magalia/Paradise/Stirling City,Geographic HPSA,California,"Butte County, CA",8.235,15,Designated,Rural,03/15/2022,03/15/2022
,Component State Name,Component County Name,Component Name,Component Type,Component GEOID,Component Rural Status,,,,,
,California,Butte,"Census Tract 17.02, Butte County, California",Census Tract,06007001702,Rural,,,,,
,California,Butte,"Census Tract 17.03, Butte County, California",Census Tract,06007001703,Rural,,,,,
,California,Butte,"Census Tract 17.04, Butte County, California",Census Tract,06007001704,Rural,,,,,
,California,Butte,"Census Tract 18, Butte County, California",Census Tract,06007001800,Rural,,,,,
,California,Butte,"Census Tract 19, Butte County, California",Census Tract,06007001900,Rural,,,,,
,California,Butte,"Census Tract 20, Butte County, California",Census Tract,06007002000,Rural,,,,,
,California,Butte,"Census Tract 21, Butte County, California",Census Tract,06007002100,Rural,,,,,
,California,Butte,"Census Tract 22, Butte County, California",Census Tract,06007002200,Rural,,,,,
,California,Butte,"Census Tract 23, Butte County, California",Census Tract,06007002300,Rural,,,,,
Primary Care,1069693751,MSSA 69/Hanford/Lemoore,Geographic HPSA,California,"Kings County, CA",5.605,10,Designated,Partially Rural,03/15/2022,03/15/2022
,Component State Name,Component County Name,Component Name,Component Type,Component GEOID,Component Rural Status,,,,,
,California,Kings,"Census Tract 1, Kings County, California",Census Tract,06031000100,Rural,,,,,
,California,Kings,"Census Tract 10.01, Kings County, California",Census Tract,06031001001,Non-Rural,,,,,
,California,Kings,"Census Tract 10.02, Kings County, California",Census Tract,06031001002,Non-Rural,,,,,
,California,Kings,"Census Tract 10.03, Kings County, California",Census Tract,06031001003,Non-Rural,,,,,
,California,Kings,"Census Tract 11, Kings County, California",Census Tract,06031001100,Non-Rural,,,,,
,California,Kings,"Census Tract 12, Kings County, California",Census Tract,06031001200,Rural,,,,,
,California,Kings,"Census Tract 2, Kings County, California",Census Tract,06031000200,Non-Rural,,,,,
,California,Kings,"Census Tract 3, Kings County, California",Census Tract,06031000300,Rural,,,,,
,California,Kings,"Census Tract 4.02, Kings County, California",Census Tract,06031000402,Non-Rural,,,,,
,California,Kings,"Census Tract 4.03, Kings County, California",Census Tract,06031000403,Non-Rural,,,,,
,California,Kings,"Census Tract 4.04, Kings County, California",Census Tract,06031000404,Non-Rural,,,,,
,California,Kings,"Census Tract 4.05, Kings County, California",Census Tract,06031000405,Non-Rural,,,,,
,California,Kings,"Census Tract 5, Kings County, California",Census Tract,06031000500,Non-Rural,,,,,
,California,Kings,"Census Tract 6.01, Kings County, California",Census Tract,06031000601,Non-Rural,,,,,
,California,Kings,"Census Tract 6.02, Kings County, California",Census Tract,06031000602,Non-Rural,,,,,
,California,Kings,"Census Tract 7.01, Kings County, California",Census Tract,06031000701,Non-Rural,,,,,
,California,Kings,"Census Tract 7.02, Kings County, California",Census Tract,06031000702,Non-Rural,,,,,
,California,Kings,"Census Tract 8, Kings County, California",Census Tract,06031000800,Non-Rural,,,,,
,California,Kings,"Census Tract 9, Kings County, California",Census Tract,06031000900,Non-Rural,,,,,
Primary Care,1068829390,MSSA 53 - Bishop,Geographic HPSA,California,"Inyo County, CA",0.73,11,Designated,Rural,03/02/2022,03/02/2022
,Component State Name,Component County Name,Component Name,Component Type,Component GEOID,Component Rural Status,,,,,
,California,Inyo,"Census Tract 1, Inyo County, California",Census Tract,06027000100,Rural,,,,,
,California,Inyo,"Census Tract 2, Inyo County, California",Census Tract,06027000200,Rural,,,,,
,California,Inyo,"Census Tract 3, Inyo County, California",Census Tract,06027000300,Rural,,,,,
,California,Inyo,"Census Tract 4, Inyo County, California",Census Tract,06027000400,Rural,,,,,
Primary Care,1062231369,MSSA 30/Kingsburg/Selma,High Needs Geographic HPSA,California,"Fresno County, CA",10.53,11,Designated,Partially Rural,03/15/2022,03/15/2022
,Component State Name,Component County Name,Component Name,Component Type,Component GEOID,Component Rural Status,,,,,
,California,Fresno,"Census Tract 10, Fresno County, California",Census Tract,06019001000,Non-Rural,,,,,
,California,Fresno,"Census Tract 11, Fresno County, California",Census Tract,06019001100,Non-Rural,,,,,
,California,Fresno,"Census Tract 17, Fresno County, California",Census Tract,06019001700,Rural,,,,,
,California,Fresno,"Census Tract 18, Fresno County, California",Census Tract,06019001800,Non-Rural,,,,,
,California,Fresno,"Census Tract 19, Fresno County, California",Census Tract,06019001900,Non-Rural,,,,,
,California,Fresno,"Census Tract 70.02, Fresno County, California",Census Tract,06019007002,Rural,,,,,
,California,Fresno,"Census Tract 70.03, Fresno County, California",Census Tract,06019007003,Rural,,,,,
,California,Fresno,"Census Tract 70.04, Fresno County, California",Census Tract,06019007004,Rural,,,,,
,California,Fresno,"Census Tract 71, Fresno County, California",Census Tract,06019007100,Rural,,,,,
,California,Fresno,"Census Tract 72.01, Fresno County, California",Census Tract,06019007201,Rural,,,,,
,California,Fresno,"Census Tract 72.02, Fresno County, California",Census Tract,06019007202,Rural,,,,,
,California,Fresno,"Census Tract 73, Fresno County, California",Census Tract,06019007300,Non-Rural,,,,,
,California,Fresno,"Census Tract 74, Fresno County, California",Census Tract,06019007400,Rural,,,,,
,California,Fresno,"Census Tract 75, Fresno County, California",Census Tract,06019007500,Non-Rural,,,,,
,California,Fresno,"Census Tract 76, Fresno County, California",Census Tract,06019007600,Non-Rural,,,,,
,California,Fresno,"Census Tract 77, Fresno County, California",Census Tract,06019007700,Rural,,,,,
,California,Fresno,"Census Tract 8, Fresno County, California",Census Tract,06019000800,Non-Rural,,,,,
,California,Fresno,"Census Tract 9.01, Fresno County, California",Census Tract,06019000901,Non-Rural,,,,,
,California,Fresno,"Census Tract 9.02, Fresno County, California",Census Tract,06019000902,Non-Rural,,,,,
Primary Care,1069206798,MSSA 68/Corcoran,High Needs Geographic HPSA,California,"Kings County, CA",4.025,15,Designated,Rural,03/15/2022,03/15/2022
,Component State Name,Component County Name,Component Name,Component Type,Component GEOID,Component Rural Status,,,,,
,California,Kings,"Census Tract 13, Kings County, California",Census Tract,06031001300,Rural,,,,,
,California,Kings,"Census Tract 14.01, Kings County, California",Census Tract,06031001401,Rural,,,,,
,California,Kings,"Census Tract 14.02, Kings County, California",Census Tract,06031001402,Rural,,,,,
,California,Kings,"Census Tract 15, Kings County, California",Census Tract,06031001500,Rural,,,,,
,California,Kings,"Census Tract 16.01, Kings County, California",Census Tract,06031001601,Rural,,,,,
,California,Kings,"Census Tract 16.02, Kings County, California",Census Tract,06031001602,Rural,,,,,
Primary Care,1063258202,MSSA 140/Hollister,Geographic HPSA,California,"San Benito County, CA",4.97,7,Designated,Rural,03/18/2022,03/18/2022
,Component State Name,Component County Name,Component Name,Component Type,Component GEOID,Component Rural Status,,,,,
,California,San Benito,"Census Tract 1, San Benito County, California",Census Tract,06069000100,Rural,,,,,
,California,San Benito,"Census Tract 2, San Benito County, California",Census Tract,06069000200,Rural,,,,,
,California,San Benito,"Census Tract 3, San Benito County, California",Census Tract,06069000300,Rural,,,,,
,California,San Benito,"Census Tract 4, San Benito County, California",Census Tract,06069000400,Rural,,,,,
,California,San Benito,"Census Tract 5.01, San Benito County, California",Census Tract,06069000501,Rural,,,,,
,California,San Benito,"Census Tract 5.02, San Benito County, California",Census Tract,06069000502,Rural,,,,,
,California,San Benito,"Census Tract 6, San Benito County, California",Census Tract,06069000600,Rural,,,,,
,California,San Benito,"Census Tract 7.01, San Benito County, California",Census Tract,06069000701,Rural,,,,,
,California,San Benito,"Census Tract 7.02, San Benito County, California",Census Tract,06069000702,Rural,,,,,
,California,San Benito,"Census Tract 8.01, San Benito County, California",Census Tract,06069000801,Rural,,,,,
,California,San Benito,"Census Tract 8.02, San Benito County, California",Census Tract,06069000802,Rural,,,,,
Primary Care,1069280498,MSSA 57.2/Taft,High Needs Geographic HPSA,California,"Kern County, CA",6.85,19,Designated,Rural,01/31/2022,01/31/2022
,Component State Name,Component County Name,Component Name,Component Type,Component GEOID,Component Rural Status,,,,,
,California,Kern,"Census Tract 33.03, Kern County, California",Census Tract,06029003303,Rural,,,,,
,California,Kern,"Census Tract 33.04, Kern County, California",Census Tract,06029003304,Rural,,,,,
,California,Kern,"Census Tract 34, Kern County, California",Census Tract,06029003400,Rural,,,,,
,California,Kern,"Census Tract 35, Kern County, California",Census Tract,06029003500,Rural,,,,,
,California,Kern,"Census Tract 36, Kern County, California",Census Tract,06029003600,Rural,,,,,
Primary Care,1063922649,MSSA 58.1/Shafter,High Needs Geographic HPSA,California,"Kern County, CA",2.51,14,Designated,Non-Rural,01/31/2022,01/31/2022
,Component State Name,Component County Name,Component Name,Component Type,Component GEOID,Component Rural Status,,,,,
,California,Kern,"Census Tract 39, Kern County, California",Census Tract,06029003900,Non-Rural,,,,,
,California,Kern,"Census Tract 40, Kern County, California",Census Tract,06029004000,Non-Rural,,,,,
,California,Kern,"Census Tract 41.01, Kern County, California",Census Tract,06029004101,Non-Rural,,,,,
,California,Kern,"Census Tract 41.02, Kern County, California",Census Tract,06029004102,Non-Rural,,,,,
,California,Kern,"Census Tract 42, Kern County, California",Census Tract,06029004200,Non-Rural,,,,,
Primary Care,1066884645,MSSA 58.2 - Lost Hills/Wasco,High Needs Geographic HPSA,California,"Kern County, CA",8.73,18,Designated,Rural,01/31/2022,01/31/2022
,Component State Name,Component County Name,Component Name,Component Type,Component GEOID,Component Rural Status,,,,,
,California,Kern,"Census Tract 43.01, Kern County, California",Census Tract,06029004301,Rural,,,,,
,California,Kern,"Census Tract 43.02, Kern County, California",Census Tract,06029004302,Rural,,,,,
,California,Kern,"Census Tract 44.01, Kern County, California",Census Tract,06029004401,Rural,,,,,
,California,Kern,"Census Tract 44.02, Kern County, California",Census Tract,06029004402,Rural,,,,,
,California,Kern,"Census Tract 45, Kern County, California",Census Tract,06029004500,Rural,,,,,
Primary Care,1067157353,MSSA 60 - Delano/McFarland,High Needs Geographic HPSA,California,"Kern County, CA",10.74,16,Designated,Non-Rural,01/31/2022,01/31/2022
,Component State Name,Component County Name,Component Name,Component Type,Component GEOID,Component Rural Status,,,,,
,California,Kern,"Census Tract 46.01, Kern County, California",Census Tract,06029004601,Non-Rural,,,,,
,California,Kern,"Census Tract 46.03, Kern County, California",Census Tract,06029004603,Non-Rural,,,,,
,California,Kern,"Census Tract 46.04, Kern County, California",Census Tract,06029004604,Non-Rural,,,,,
,California,Kern,"Census Tract 47.01, Kern County, California",Census Tract,06029004701,Non-Rural,,,,,
,California,Kern,"Census Tract 47.02, Kern County, California",Census Tract,06029004702,Non-Rural,,,,,
,California,Kern,"Census Tract 48, Kern County, California",Census Tract,06029004800,Non-Rural,,,,,
,California,Kern,"Census Tract 49.01, Kern County, California",Census Tract,06029004901,Non-Rural,,,,,
,California,Kern,"Census Tract 49.02, Kern County, California",Census Tract,06029004902,Non-Rural,,,,,
,California,Kern,"Census Tract 50.03, Kern County, California",Census Tract,06029005003,Non-Rural,,,,,
,California,Kern,"Census Tract 50.04, Kern County, California",Census Tract,06029005004,Non-Rural,,,,,
Primary Care,1068471430,MSSA 78.2jjj/Long Beach West Central,High Needs Geographic HPSA,California,"Los Angeles County, CA",22.935,14,Designated,Non-Rural,12/15/2008,07/28/2017
,Component State Name,Component County Name,Component Name,Component Type,Component GEOID,Component Rural Status,,,,,
,California,Los Angeles,5730.02,Census Tract,06037573002,Non-Rural,,,,,
,California,Los Angeles,5730.03,Census Tract,06037573003,Non-Rural,,,,,
,California,Los Angeles,5730.04,Census Tract,06037573004,Non-Rural,,,,,
,California,Los Angeles,5732.02,Census Tract,06037573202,Non-Rural,,,,,
,California,Los Angeles,5733,Census Tract,06037573300,Non-Rural,,,,,
,California,Los Angeles,5734.02,Census Tract,06037573402,Non-Rural,,,,,
,California,Los Angeles,5751.01,Census Tract,06037575101,Non-Rural,,,,,
,California,Los Angeles,5751.02,Census Tract,06037575102,Non-Rural,,,,,
,California,Los Angeles,5752.01,Census Tract,06037575201,Non-Rural,,,,,
,California,Los Angeles,5752.02,Census Tract,06037575202,Non-Rural,,,,,
,California,Los Angeles,5753,Census Tract,06037575300,Non-Rural,,,,,
,California,Los Angeles,5754.01,Census Tract,06037575401,Non-Rural,,,,,
,California,Los Angeles,5754.02,Census Tract,06037575402,Non-Rural,,,,,
,California,Los Angeles,5758.01,Census Tract,06037575801,Non-Rural,,,,,
,California,Los Angeles,5758.02,Census Tract,06037575802,Non-Rural,,,,,
,California,Los Angeles,5758.03,Census Tract,06037575803,Non-Rural,,,,,
,California,Los Angeles,5759.01,Census Tract,06037575901,Non-Rural,,,,,
,California,Los Angeles,5759.02,Census Tract,06037575902,Non-Rural,,,,,
,California,Los Angeles,5764.01,Census Tract,06037576401,Non-Rural,,,,,
,California,Los Angeles,5764.02,Census Tract,06037576402,Non-Rural,,,,,
,California,Los Angeles,5764.03,Census Tract,06037576403,Non-Rural,,,,,
,California,Los Angeles,5765.01,Census Tract,06037576501,Non-Rural,,,,,
,California,Los Angeles,5765.02,Census Tract,06037576502,Non-Rural,,,,,
,California,Los Angeles,5765.03,Census Tract,06037576503,Non-Rural,,,,,
,California,Los Angeles,5769.01,Census Tract,06037576901,Non-Rural,,,,,
Primary Care,1061038158,MSSA 78.2uuu/Athens,High Needs Geographic HPSA,California,"Los Angeles County, CA",24.58,18,Designated,Non-Rural,10/09/2012,12/27/2017
,Component State Name,Component County Name,Component Name,Component Type,Component GEOID,Component Rural Status,,,,,
,California,Los Angeles,2410.01,Census Tract,06037241001,Non-Rural,,,,,
,California,Los Angeles,2410.02,Census Tract,06037241002,Non-Rural,,,,,
,California,Los Angeles,2413,Census Tract,06037241300,Non-Rural,,,,,
,California,Los Angeles,2414,Census Tract,06037241400,Non-Rural,,,,,
,California,Los Angeles,2911.10,Census Tract,06037291110,Non-Rural,,,,,
,California,Los Angeles,2911.20,Census Tract,06037291120,Non-Rural,,,,,
,California,Los Angeles,2911.30,Census Tract,06037291130,Non-Rural,,,,,
,California,Los Angeles,2912.20,Census Tract,06037291220,Non-Rural,,,,,
,California,Los Angeles,5409.01,Census Tract,06037540901,Non-Rural,,,,,
,California,Los Angeles,5409.02,Census Tract,06037540902,Non-Rural,,,,,
,California,Los Angeles,5410.02,Census Tract,06037541002,Non-Rural,,,,,
,California,Los Angeles,5411,Census Tract,06037541100,Non-Rural,,,,,
,California,Los Angeles,5412,Census Tract,06037541200,Non-Rural,,,,,
,California,Los Angeles,5428,Census Tract,06037542800,Non-Rural,,,,,
,California,Los Angeles,5429,Census Tract,06037542900,Non-Rural,,,,,
,California,Los Angeles,5430,Census Tract,06037543000,Non-Rural,,,,,
,California,Los Angeles,5431,Census Tract,06037543100,Non-Rural,,,,,
,California,Los Angeles,6028.01,Census Tract,06037602801,Non-Rural,,,,,
,California,Los Angeles,6028.02,Census Tract,06037602802,Non-Rural,,,,,
,California,Los Angeles,6029,Census Tract,06037602900,Non-Rural,,,,,
,California,Los Angeles,6030.01,Census Tract,06037603001,Non-Rural,,,,,